-- 1. Insertar 20 detalles de usuarios (datos realistas de España)
INSERT INTO faal.detallesdeusuario (nombre, apellidos, poblacion, email_personal, tlf, tlf2, codigo_postal, direccion, contacto_emergencia, pais, token_img) VALUES ('Carlos', 'Sánchez López', 'Zaragoza', 'carlos.sánchez@example.com', '636878736', '685393502', 28204, 'Calle Mayor 15', 'Sofía González', 'España', 'token-1');
INSERT INTO faal.detallesdeusuario (nombre, apellidos, poblacion, email_personal, tlf, tlf2, codigo_postal, direccion, contacto_emergencia, pais, token_img) VALUES ('María', 'López Díaz', 'Palma', 'maría.lópez@example.com', '692570078', '699271696', 28725, 'Calle Real 21', 'Manuel Fernández', 'España', 'token-2');
INSERT INTO faal.detallesdeusuario (nombre, apellidos, poblacion, email_personal, tlf, tlf2, codigo_postal, direccion, contacto_emergencia, pais, token_img) VALUES ('José', 'García Rodríguez', 'Alicante', 'josé.garcía@example.com', '663989676', '667377659', 28722, 'Calle Nueva 73', 'Lucía Rodríguez', 'España', 'token-3');
INSERT INTO faal.detallesdeusuario (nombre, apellidos, poblacion, email_personal, tlf, tlf2, codigo_postal, direccion, contacto_emergencia, pais, token_img) VALUES ('Ana', 'Sánchez Pérez', 'Barcelona', 'ana.sánchez@example.com', '670163664', '696750327', 28871, 'Avenida de la Constitución 36', 'Isabel García', 'España', 'token-4');
INSERT INTO faal.detallesdeusuario (nombre, apellidos, poblacion, email_personal, tlf, tlf2, codigo_postal, direccion, contacto_emergencia, pais, token_img) VALUES ('Luis', 'García García', 'Murcia', 'luis.garcía@example.com', '637782248', '695980239', 28007, 'Plaza de España 3', 'Javier Díaz', 'España', 'token-5');
INSERT INTO faal.detallesdeusuario (nombre, apellidos, poblacion, email_personal, tlf, tlf2, codigo_postal, direccion, contacto_emergencia, pais, token_img) VALUES ('Carmen', 'García Sánchez', 'Palma', 'carmen.garcía@example.com', '699573563', '624206036', 28121, 'Calle del Sol 15', 'Laura Fernández', 'España', 'token-6');
INSERT INTO faal.detallesdeusuario (nombre, apellidos, poblacion, email_personal, tlf, tlf2, codigo_postal, direccion, contacto_emergencia, pais, token_img) VALUES ('Javier', 'Pérez Gómez', 'Bilbao', 'javier.pérez@example.com', '634287364', '683002187', 28456, 'Calle de la Paz 99', 'Miguel Martínez', 'España', 'token-7');
INSERT INTO faal.detallesdeusuario (nombre, apellidos, poblacion, email_personal, tlf, tlf2, codigo_postal, direccion, contacto_emergencia, pais, token_img) VALUES ('Laura', 'González Fernández', 'Madrid', 'laura.gonzález@example.com', '677802394', '693245678', 28590, 'Calle del Mar 18', 'Pedro Sánchez', 'España', 'token-8');
INSERT INTO faal.detallesdeusuario (nombre, apellidos, poblacion, email_personal, tlf, tlf2, codigo_postal, direccion, contacto_emergencia, pais, token_img) VALUES ('Miguel', 'Díaz Rodríguez', 'Sevilla', 'miguel.díaz@example.com', '688392874', '691287364', 28799, 'Calle de la Luna 23', 'Antonio Pérez', 'España', 'token-9');
INSERT INTO faal.detallesdeusuario (nombre, apellidos, poblacion, email_personal, tlf, tlf2, codigo_postal, direccion, contacto_emergencia, pais, token_img) VALUES ('Isabel', 'Fernández Gómez', 'Valencia', 'isabel.fernández@example.com', '682394857', '690123456', 28834, 'Avenida de América 41', 'Francisco García', 'España', 'token-10');
INSERT INTO faal.detallesdeusuario (nombre, apellidos, poblacion, email_personal, tlf, tlf2, codigo_postal, direccion, contacto_emergencia, pais, token_img) VALUES ('David', 'Martínez Díaz', 'Málaga', 'david.martínez@example.com', '684392857', '698234567', 28601, 'Calle Mayor 88', 'Elena López', 'España', 'token-11');
INSERT INTO faal.detallesdeusuario (nombre, apellidos, poblacion, email_personal, tlf, tlf2, codigo_postal, direccion, contacto_emergencia, pais, token_img) VALUES ('Marta', 'Gómez Sánchez', 'Zaragoza', 'marta.gómez@example.com', '689234567', '691283746', 28734, 'Calle Real 56', 'Sofía Martínez', 'España', 'token-12');
INSERT INTO faal.detallesdeusuario (nombre, apellidos, poblacion, email_personal, tlf, tlf2, codigo_postal, direccion, contacto_emergencia, pais, token_img) VALUES ('Francisco', 'López Fernández', 'Murcia', 'francisco.lópez@example.com', '693847562', '692837465', 28812, 'Calle Nueva 12', 'Raquel Gómez', 'España', 'token-13');
INSERT INTO faal.detallesdeusuario (nombre, apellidos, poblacion, email_personal, tlf, tlf2, codigo_postal, direccion, contacto_emergencia, pais, token_img) VALUES ('Lucía', 'García Rodríguez', 'Barcelona', 'lucía.garcía@example.com', '695837465', '690384756', 28098, 'Calle del Sol 77', 'Manuel Díaz', 'España', 'token-14');
INSERT INTO faal.detallesdeusuario (nombre, apellidos, poblacion, email_personal, tlf, tlf2, codigo_postal, direccion, contacto_emergencia, pais, token_img) VALUES ('Antonio', 'Fernández López', 'Palma', 'antonio.fernández@example.com', '690384756', '691283746', 28145, 'Calle Mayor 65', 'Pedro Gómez', 'España', 'token-15');
INSERT INTO faal.detallesdeusuario (nombre, apellidos, poblacion, email_personal, tlf, tlf2, codigo_postal, direccion, contacto_emergencia, pais, token_img) VALUES ('Sofía', 'Martínez García', 'Alicante', 'sofía.martínez@example.com', '693847562', '695837465', 28321, 'Calle Real 34', 'Ana Fernández', 'España', 'token-16');
INSERT INTO faal.detallesdeusuario (nombre, apellidos, poblacion, email_personal, tlf, tlf2, codigo_postal, direccion, contacto_emergencia, pais, token_img) VALUES ('Manuel', 'Díaz González', 'Madrid', 'manuel.díaz@example.com', '698234567', '684392857', 28765, 'Avenida de América 12', 'David García', 'España', 'token-17');
INSERT INTO faal.detallesdeusuario (nombre, apellidos, poblacion, email_personal, tlf, tlf2, codigo_postal, direccion, contacto_emergencia, pais, token_img) VALUES ('Elena', 'Gómez Martínez', 'Sevilla', 'elena.gómez@example.com', '692837465', '690384756', 28234, 'Calle de la Paz 19', 'Carmen López', 'España', 'token-18');
INSERT INTO faal.detallesdeusuario (nombre, apellidos, poblacion, email_personal, tlf, tlf2, codigo_postal, direccion, contacto_emergencia, pais, token_img) VALUES ('Pedro', 'Sánchez Fernández', 'Bilbao', 'pedro.sánchez@example.com', '690384756', '684392857', 28812, 'Calle del Mar 88', 'Isabel Martínez', 'España', 'token-19');
INSERT INTO faal.detallesdeusuario (nombre, apellidos, poblacion, email_personal, tlf, tlf2, codigo_postal, direccion, contacto_emergencia, pais, token_img) VALUES ('Raquel', 'García Díaz', 'Valencia', 'raquel.garcía@example.com', '684392857', '698234567', 28234, 'Calle de la Luna 21', 'Francisco Fernández', 'España', 'token-20');

-- 2. Insertar 20 logins (uno por usuario)
INSERT INTO faal.login (email_primario, password, token, img_avatar, last_login_day, id_usuario, id_jefe) VALUES ('admin@empresa.com', 'admin123', 'token-admin', 'admin.png', '2025-05-15 09:00:00', 1, 1);
INSERT INTO faal.login (email_primario, password, token, img_avatar, last_login_day, id_usuario, id_jefe) VALUES ('jefe1@empresa.com', 'jefe1pass', 'token-j1', 'jefe1.png', '2025-05-15 08:30:00', 2, 2);
INSERT INTO faal.login (email_primario, password, token, img_avatar, last_login_day, id_usuario, id_jefe) VALUES ('jefe2@empresa.com', 'jefe2pass', 'token-j2', 'jefe2.png', '2025-05-15 08:45:00', 3, 3);
INSERT INTO faal.login (email_primario, password, token, img_avatar, last_login_day, id_usuario, id_jefe) VALUES ('jefe3@empresa.com', 'jefe3pass', 'token-j3', 'jefe3.png', '2025-05-15 09:15:00', 4, 4);
INSERT INTO faal.login (email_primario, password, token, img_avatar, last_login_day, id_usuario, id_jefe) VALUES ('trab1@empresa.com', 'trab1pass', 'token-t1', 't1.png', '2025-05-15 09:00:00', 5, 2);
INSERT INTO faal.login (email_primario, password, token, img_avatar, last_login_day, id_usuario, id_jefe) VALUES ('trab2@empresa.com', 'trab2pass', 'token-t2', 't2.png', '2025-05-15 09:01:00', 6, 2);
INSERT INTO faal.login (email_primario, password, token, img_avatar, last_login_day, id_usuario, id_jefe) VALUES ('trab3@empresa.com', 'trab3pass', 'token-t3', 't3.png', '2025-05-15 09:02:00', 7, 2);
INSERT INTO faal.login (email_primario, password, token, img_avatar, last_login_day, id_usuario, id_jefe) VALUES ('trab4@empresa.com', 'trab4pass', 'token-t4', 't4.png', '2025-05-15 09:03:00', 8, 2);
INSERT INTO faal.login (email_primario, password, token, img_avatar, last_login_day, id_usuario, id_jefe) VALUES ('trab5@empresa.com', 'trab5pass', 'token-t5', 't5.png', '2025-05-15 09:04:00', 9, 3);
INSERT INTO faal.login (email_primario, password, token, img_avatar, last_login_day, id_usuario, id_jefe) VALUES ('trab6@empresa.com', 'trab6pass', 'token-t6', 't6.png', '2025-05-15 09:05:00', 10, 3);
INSERT INTO faal.login (email_primario, password, token, img_avatar, last_login_day, id_usuario, id_jefe) VALUES ('trab7@empresa.com', 'trab7pass', 'token-t7', 't7.png', '2025-05-15 09:06:00', 11, 3);
INSERT INTO faal.login (email_primario, password, token, img_avatar, last_login_day, id_usuario, id_jefe) VALUES ('trab8@empresa.com', 'trab8pass', 'token-t8', 't8.png', '2025-05-15 09:07:00', 12, 3);
INSERT INTO faal.login (email_primario, password, token, img_avatar, last_login_day, id_usuario, id_jefe) VALUES ('trab9@empresa.com', 'trab9pass', 'token-t9', 't9.png', '2025-05-15 09:08:00', 13, 4);
INSERT INTO faal.login (email_primario, password, token, img_avatar, last_login_day, id_usuario, id_jefe) VALUES ('trab10@empresa.com', 'trab10pass', 'token-t10', 't10.png', '2025-05-15 09:09:00', 14, 4);
INSERT INTO faal.login (email_primario, password, token, img_avatar, last_login_day, id_usuario, id_jefe) VALUES ('trab11@empresa.com', 'trab11pass', 'token-t11', 't11.png', '2025-05-15 09:10:00', 15, 4);
INSERT INTO faal.login (email_primario, password, token, img_avatar, last_login_day, id_usuario, id_jefe) VALUES ('trab12@empresa.com', 'trab12pass', 'token-t12', 't12.png', '2025-05-15 09:11:00', 16, 4);
INSERT INTO faal.login (email_primario, password, token, img_avatar, last_login_day, id_usuario, id_jefe) VALUES ('trab13@empresa.com', 'trab13pass', 'token-t13', 't13.png', '2025-05-15 09:12:00', 17, 4);
INSERT INTO faal.login (email_primario, password, token, img_avatar, last_login_day, id_usuario, id_jefe) VALUES ('visitante1@empresa.com', 'vis1pass', 'token-v1', 'v1.png', '2025-05-15 10:00:00', 18, 2);
INSERT INTO faal.login (email_primario, password, token, img_avatar, last_login_day, id_usuario, id_jefe) VALUES ('visitante2@empresa.com', 'vis2pass', 'token-v2', 'v2.png', '2025-05-15 10:05:00', 19, 3);
INSERT INTO faal.login (email_primario, password, token, img_avatar, last_login_day, id_usuario, id_jefe) VALUES ('visitante3@empresa.com', 'vis3pass', 'token-v3', 'v3.png', '2025-05-15 10:10:00', 20, 4);


-- 3. Insertar 4 roles
INSERT INTO faal.roles (id_rol, descripcion) VALUES (1, 'ADMIN');
INSERT INTO faal.roles (id_rol, descripcion) VALUES (2, 'JEFE');
INSERT INTO faal.roles (id_rol, descripcion) VALUES (3, 'TRABAJADOR');
INSERT INTO faal.roles (id_rol, descripcion) VALUES (4, 'VISITANTE');

-- 4. Insertar 20 usuario_roles según la distribución solicitada
INSERT INTO faal.usuario_roles (id_rol, id_login) VALUES (1, 1);
INSERT INTO faal.usuario_roles (id_rol, id_login) VALUES (2, 2);
INSERT INTO faal.usuario_roles (id_rol, id_login) VALUES (2, 3);
INSERT INTO faal.usuario_roles (id_rol, id_login) VALUES (2, 4);
INSERT INTO faal.usuario_roles (id_rol, id_login) VALUES (3, 5);
INSERT INTO faal.usuario_roles (id_rol, id_login) VALUES (3, 6);
INSERT INTO faal.usuario_roles (id_rol, id_login) VALUES (3, 7);
INSERT INTO faal.usuario_roles (id_rol, id_login) VALUES (3, 8);
INSERT INTO faal.usuario_roles (id_rol, id_login) VALUES (3, 9);
INSERT INTO faal.usuario_roles (id_rol, id_login) VALUES (3, 10);
INSERT INTO faal.usuario_roles (id_rol, id_login) VALUES (3, 11);
INSERT INTO faal.usuario_roles (id_rol, id_login) VALUES (3, 12);
INSERT INTO faal.usuario_roles (id_rol, id_login) VALUES (3, 13);
INSERT INTO faal.usuario_roles (id_rol, id_login) VALUES (3, 14);
INSERT INTO faal.usuario_roles (id_rol, id_login) VALUES (3, 15);
INSERT INTO faal.usuario_roles (id_rol, id_login) VALUES (3, 16);
INSERT INTO faal.usuario_roles (id_rol, id_login) VALUES (3, 17);
INSERT INTO faal.usuario_roles (id_rol, id_login) VALUES (4, 18);
INSERT INTO faal.usuario_roles (id_rol, id_login) VALUES (4, 19);
INSERT INTO faal.usuario_roles (id_rol, id_login) VALUES (4, 20);
